--
-- PostgreSQL database dump
--

-- Dumped from database version 14.7
-- Dumped by pg_dump version 14.7

SET statement_timeout = 0;
SET lock_timeout = 0;
SET idle_in_transaction_session_timeout = 0;
SET client_encoding = 'UTF8';
SET standard_conforming_strings = on;
SELECT pg_catalog.set_config('search_path', '', false);
SET check_function_bodies = false;
SET xmloption = content;
SET client_min_messages = warning;
SET row_security = off;

SET default_tablespace = '';

SET default_table_access_method = heap;

--
-- Name: categories; Type: TABLE; Schema: public; Owner: postgres
--

CREATE TABLE public.categories (
    id bigint NOT NULL,
    name character varying(255) NOT NULL
);


ALTER TABLE public.categories OWNER TO postgres;

--
-- Name: categories_id_seq; Type: SEQUENCE; Schema: public; Owner: postgres
--

ALTER TABLE public.categories ALTER COLUMN id ADD GENERATED BY DEFAULT AS IDENTITY (
    SEQUENCE NAME public.categories_id_seq
    START WITH 1
    INCREMENT BY 1
    NO MINVALUE
    NO MAXVALUE
    CACHE 1
);


--
-- Name: compilations; Type: TABLE; Schema: public; Owner: postgres
--

CREATE TABLE public.compilations (
    id bigint NOT NULL,
    title character varying(1024) NOT NULL,
    pinned boolean DEFAULT false
);


ALTER TABLE public.compilations OWNER TO postgres;

--
-- Name: compilations_id_seq; Type: SEQUENCE; Schema: public; Owner: postgres
--

ALTER TABLE public.compilations ALTER COLUMN id ADD GENERATED BY DEFAULT AS IDENTITY (
    SEQUENCE NAME public.compilations_id_seq
    START WITH 1
    INCREMENT BY 1
    NO MINVALUE
    NO MAXVALUE
    CACHE 1
);


--
-- Name: databasechangelog; Type: TABLE; Schema: public; Owner: postgres
--

CREATE TABLE public.databasechangelog (
    id character varying(255) NOT NULL,
    author character varying(255) NOT NULL,
    filename character varying(255) NOT NULL,
    dateexecuted timestamp without time zone NOT NULL,
    orderexecuted integer NOT NULL,
    exectype character varying(10) NOT NULL,
    md5sum character varying(35),
    description character varying(255),
    comments character varying(255),
    tag character varying(255),
    liquibase character varying(20),
    contexts character varying(255),
    labels character varying(255),
    deployment_id character varying(10)
);


ALTER TABLE public.databasechangelog OWNER TO postgres;

--
-- Name: databasechangeloglock; Type: TABLE; Schema: public; Owner: postgres
--

CREATE TABLE public.databasechangeloglock (
    id integer NOT NULL,
    locked boolean NOT NULL,
    lockgranted timestamp without time zone,
    lockedby character varying(255)
);


ALTER TABLE public.databasechangeloglock OWNER TO postgres;

--
-- Name: events; Type: TABLE; Schema: public; Owner: postgres
--

CREATE TABLE public.events (
    id bigint NOT NULL,
    annotation character varying(2000) NOT NULL,
    title character varying(120) NOT NULL,
    description character varying(7000) NOT NULL,
    category_id bigint NOT NULL,
    initiator_id bigint NOT NULL,
    event_date timestamp without time zone NOT NULL,
    latitude double precision,
    longitude double precision,
    paid boolean DEFAULT false,
    participant_limit integer DEFAULT 0,
    request_moderation boolean DEFAULT true,
    state character varying(24) NOT NULL,
    created timestamp without time zone,
    published timestamp without time zone
);


ALTER TABLE public.events OWNER TO postgres;

--
-- Name: events_compilation; Type: TABLE; Schema: public; Owner: postgres
--

CREATE TABLE public.events_compilation (
    event_id bigint NOT NULL,
    compilation_id bigint NOT NULL
);


ALTER TABLE public.events_compilation OWNER TO postgres;

--
-- Name: events_id_seq; Type: SEQUENCE; Schema: public; Owner: postgres
--

ALTER TABLE public.events ALTER COLUMN id ADD GENERATED BY DEFAULT AS IDENTITY (
    SEQUENCE NAME public.events_id_seq
    START WITH 1
    INCREMENT BY 1
    NO MINVALUE
    NO MAXVALUE
    CACHE 1
);


--
-- Name: requests; Type: TABLE; Schema: public; Owner: postgres
--

CREATE TABLE public.requests (
    id bigint NOT NULL,
    requester_id bigint NOT NULL,
    event_id bigint NOT NULL,
    status character varying(24) NOT NULL,
    created timestamp without time zone DEFAULT now()
);


ALTER TABLE public.requests OWNER TO postgres;

--
-- Name: requests_id_seq; Type: SEQUENCE; Schema: public; Owner: postgres
--

ALTER TABLE public.requests ALTER COLUMN id ADD GENERATED BY DEFAULT AS IDENTITY (
    SEQUENCE NAME public.requests_id_seq
    START WITH 1
    INCREMENT BY 1
    NO MINVALUE
    NO MAXVALUE
    CACHE 1
);


--
-- Name: users; Type: TABLE; Schema: public; Owner: postgres
--

CREATE TABLE public.users (
    id bigint NOT NULL,
    username character varying(255) NOT NULL,
    email character varying(255) NOT NULL,
    hash_pwd character varying
);


ALTER TABLE public.users OWNER TO postgres;

--
-- Name: users_id_seq; Type: SEQUENCE; Schema: public; Owner: postgres
--

ALTER TABLE public.users ALTER COLUMN id ADD GENERATED BY DEFAULT AS IDENTITY (
    SEQUENCE NAME public.users_id_seq
    START WITH 1
    INCREMENT BY 1
    NO MINVALUE
    NO MAXVALUE
    CACHE 1
);


--
-- Data for Name: categories; Type: TABLE DATA; Schema: public; Owner: postgres
--

COPY public.categories (id, name) FROM stdin;
1	withdrawal1
2	Carolina8
3	Strategist77
4	virtual49
5	Concrete51
6	Buckinghamshire84
7	Up-sized72
8	foreground88
9	port86
10	Bedfordshire48
11	Fresh22
12	encoding50
14	Planner31
15	Hryvnia26
16	Jersey88
17	International59
18	panel49
19	Comoro22
20	invoice37
21	matrix36
22	bypassing3
23	rich4
24	navigating95
25	Borders94
26	Electronics16
27	Corporate71
28	hacking41
29	Steel54
30	Usability29
31	Jersey23
32	project44
34	eyeballs68
35	SCSI75
36	bypassing98
37	Car14
38	payment33
39	EXE88
40	quantifying29
41	Bike6
42	matrix67
43	Communications33
44	Dynamic81
45	Cotton68
46	wireless80
47	fuchsia39
48	engage51
49	facilitate33
50	Organized51
51	Refined11
52	payment27
\.


--
-- Data for Name: compilations; Type: TABLE DATA; Schema: public; Owner: postgres
--

COPY public.compilations (id, title, pinned) FROM stdin;
1	Alias et quasi magnam autem rerum ipsum enim.	f
2	Consequatur ipsa in delectus ut officia libero quo.	f
3	Rerum est quos eum alias molestiae aut.	f
4	Ut nihil et earum eligendi accusantium cupiditate voluptatibus.	t
6	Aut totam aut.	t
\.


--
-- Data for Name: databasechangelog; Type: TABLE DATA; Schema: public; Owner: postgres
--

COPY public.databasechangelog (id, author, filename, dateexecuted, orderexecuted, exectype, md5sum, description, comments, tag, liquibase, contexts, labels, deployment_id) FROM stdin;
create_table_users	Aleksey Timofeev	db/changelog/changeset/create-table-users.yaml	2023-03-06 20:49:04.585009	1	EXECUTED	8:acd4d8df5f8a4cc1e7b5c277355dad55	createTable tableName=users		\N	4.19.0	\N	\N	8135744371
create_table_categories	Aleksey Timofeev	db/changelog/changeset/create-table-categories.yaml	2023-03-06 20:49:04.618161	2	EXECUTED	8:fcdc625a3999322fd811c089c2fa2795	createTable tableName=categories		\N	4.19.0	\N	\N	8135744371
create_table_events	Aleksey Timofeev	db/changelog/changeset/create-table-events.yaml	2023-03-06 20:49:04.668784	3	EXECUTED	8:5ec7f6ea79eee69f3e00e68a641f627e	createTable tableName=events		\N	4.19.0	\N	\N	8135744371
create_table_requests	Aleksey Timofeev	db/changelog/changeset/create-table-requests.yaml	2023-03-06 20:49:04.704608	4	EXECUTED	8:248382fedde3b3fcdf72142989f7ff14	createTable tableName=requests; addUniqueConstraint tableName=requests		\N	4.19.0	\N	\N	8135744371
create_table_compilations	Aleksey Timofeev	db/changelog/changeset/create-table-compilations.yaml	2023-03-06 20:49:04.750545	5	EXECUTED	8:a5a7590edd215c01cc7e894263707111	createTable tableName=compilations		\N	4.19.0	\N	\N	8135744371
create_table_events_compilation	Aleksey Timofeev	db/changelog/changeset/create-table-events_compilation.yaml	2023-03-06 20:49:04.818396	6	EXECUTED	8:e2f93c2897532306bad8b726a21b01e8	createTable tableName=events_compilation; addPrimaryKey tableName=events_compilation		\N	4.19.0	\N	\N	8135744371
add_hash_password_column_to_users	Aleksey Timofeev	db/changelog/changeset/add-hash-password-to-users.yaml	2023-03-06 20:49:04.830604	7	EXECUTED	8:ce4848fcd2e112579200108ad9b13bae	addColumn tableName=users	hash password by SHA-256 algorithm	\N	4.19.0	\N	\N	8135744371
rename_name_column_in_users	Aleksey Timofeev	db/changelog/changeset/rename-name-column-in-users.yaml	2023-03-06 20:49:04.841828	8	EXECUTED	8:cba45c9754d060cc78762128cc0ded5c	renameColumn newColumnName=username, oldColumnName=name, tableName=users	rename column for oAuth2 token format	\N	4.19.0	\N	\N	8135744371
\.


--
-- Data for Name: databasechangeloglock; Type: TABLE DATA; Schema: public; Owner: postgres
--

COPY public.databasechangeloglock (id, locked, lockgranted, lockedby) FROM stdin;
1	f	\N	\N
\.


--
-- Data for Name: events; Type: TABLE DATA; Schema: public; Owner: postgres
--

COPY public.events (id, annotation, title, description, category_id, initiator_id, event_date, latitude, longitude, paid, participant_limit, request_moderation, state, created, published) FROM stdin;
1	Vel omnis sequi necessitatibus quisquam quae. Dicta pariatur quia sapiente quia non aut modi. Aliquid non ut possimus rerum omnis nesciunt ducimus. Repudiandae fuga consequatur excepturi voluptas. Assumenda ut et est exercitationem culpa iusto est. Libero qui totam omnis aperiam quam explicabo dolorum.	Sed autem quia quo.	Laudantium sit voluptate qui odit consequatur porro placeat. Exercitationem voluptas quas neque aut autem praesentium voluptatem. Sapiente maxime exercitationem tempore qui veritatis. Sed et voluptatem laborum neque vero consequatur.\n \rIpsa consectetur voluptas ut similique alias cupiditate quia sint. Et facere minima. Suscipit nihil occaecati nam. Et dolorem recusandae quo. Laborum ut repellendus praesentium voluptatem doloremque debitis nulla ad fugit. Labore vitae at id dolorem nesciunt.\n \rFacilis corporis eum veniam atque. Magni quis voluptas sint nobis. Veniam distinctio ut porro sed modi et magnam molestiae.	1	3	2023-03-07 04:49:54	-15.7401	-135.04	t	975	f	PUBLISHED	2023-03-06 20:49:54.697076	\N
2	Voluptas consequatur est ut. Sequi eius autem neque nihil veniam. Temporibus saepe laudantium. Non eligendi nihil.	Nostrum ipsum fuga quam iste et aut fugiat.	Soluta odit vero eligendi qui et optio corrupti quis ea. Delectus autem omnis totam distinctio voluptatibus in asperiores ad. Tenetur mollitia sequi illum facere nulla quia.\n \rConsectetur eius in quis dignissimos. Temporibus similique blanditiis iusto aut tenetur cupiditate veniam. Rerum qui dignissimos officiis repellendus fuga illo explicabo est exercitationem.\n \rSuscipit nulla quo similique nemo. Aliquid non est laudantium quia. Neque qui minus enim omnis magnam ut dignissimos error sed.	2	4	2023-03-07 04:49:55	-1.3141	139.0026	t	441	t	PENDING	2023-03-06 20:49:55.494703	\N
3	Qui quaerat sit molestiae sed totam est qui. Consequuntur tenetur blanditiis. Rem error voluptas dolores ad similique. Mollitia sequi vero doloremque ratione eum. Qui optio similique dolor fugit.	Rem eligendi doloribus rerum omnis omnis ipsum qui.	Magnam dignissimos cum aperiam. Aut eius porro sed. Ab aliquam perspiciatis aut ipsam.\n \rIncidunt ut in sit odio. Optio est nam ullam qui rerum quo ut. Dolores inventore necessitatibus assumenda eos quia fugit sequi qui. Iusto est qui reiciendis vel iure. Perspiciatis numquam voluptatem vitae harum. Nihil est dolor qui esse aut reiciendis libero voluptas.\n \rNeque non sint. Quia repellat repellendus eum iure ut maiores. Porro tenetur vel eligendi quis eaque quia nihil. Ea et atque distinctio minus.	4	6	2023-03-07 04:49:56	-8.9838	-95.7144	f	690	f	PUBLISHED	2023-03-06 20:49:56.169247	\N
4	Nesciunt quibusdam inventore eius est dolor aut sequi voluptate. Dolores qui facere. Est omnis id vitae nemo dolorem voluptas. Facilis sed blanditiis qui error alias aut possimus alias. Dicta harum dolores labore qui. Facere esse quaerat aspernatur expedita.	Eligendi et voluptatem similique ut ut labore.	Eos autem asperiores sunt doloremque officia deleniti. Culpa occaecati occaecati ea dignissimos qui sunt. Sed inventore quibusdam optio deserunt.\n \rEnim possimus libero. Ipsam provident ipsum commodi iure. Molestias dignissimos enim modi nihil aut iusto adipisci. Voluptatum nobis voluptatem quibusdam consequatur aperiam. Earum maxime quia enim possimus nemo vitae aut. Quisquam eveniet repellat rerum sunt.\n \rAutem adipisci dolor. Voluptatem tempora a qui et cum facilis nihil porro aut. Eligendi culpa commodi magni saepe. Illum omnis iste explicabo. Non nobis dignissimos nemo eos exercitationem. Recusandae veritatis vel illum.	6	7	2023-03-07 04:49:57	-54.8615	35.5785	f	9	f	PENDING	2023-03-06 20:49:57.090133	\N
7	Velit aut quam quisquam. Voluptas odio maxime dolorum magnam optio. Placeat voluptatum dolor ut eveniet non ut alias. Non numquam cum.	Quae mollitia consequatur consequatur dolor nulla odit.	Facilis non delectus rem deleniti numquam. Explicabo voluptatem accusantium quia et consequuntur nemo quia qui quam. Iusto et et.\n \rOdit inventore non non dignissimos vel. Reprehenderit accusantium est a nam quam vel et ipsam. Tempore culpa tenetur neque totam consequatur ipsum. Explicabo earum rerum temporibus saepe ut. Provident qui consequatur quasi nostrum occaecati qui harum. Quia voluptatibus non debitis voluptate nesciunt libero nisi.\n \rQui accusamus atque. Laudantium aliquam officia iure dolore doloribus. Doloremque ipsum dolor facere fugiat deleniti. Quo molestiae earum qui molestias sint sapiente cum error omnis.	14	14	2023-03-07 04:49:58	-32.6523	94.586	t	16	t	PENDING	2023-03-06 20:49:58.982234	\N
5	Tempore praesentium rerum laudantium omnis non maxime aliquid nihil officiis. Itaque soluta eligendi. Voluptas qui veritatis vero quae vel et ducimus dolorem.	Iure voluptatem laborum accusamus vel beatae.	Laboriosam et in rerum laboriosam velit vitae exercitationem facilis. Aut iure quam nostrum nihil excepturi atque quo occaecati. Sint sapiente corporis sed sit ipsum modi voluptatibus rerum eos. Id eaque ad nam.\n \rConsequuntur esse non autem hic enim. Nostrum in placeat quae earum. Sed totam odit ex qui. Et expedita fuga doloremque.\n \rRatione culpa temporibus necessitatibus reiciendis accusamus excepturi possimus. In reprehenderit aspernatur repellendus tempore dignissimos. Mollitia expedita culpa libero dolores culpa tempora ut. Ratione et qui earum et optio et cum modi suscipit. Est sed quo at rerum quas nemo ut veniam. Cumque est aliquid asperiores praesentium qui dolore voluptate perspiciatis aut.	8	9	2023-03-07 04:49:57	13.0697	163.4733	f	277	t	PENDING	2023-03-06 20:49:57.774782	\N
6	Ab ab id delectus harum rerum. Illum id qui a ea. Labore atque voluptas vel laudantium. Itaque corrupti voluptatibus sint eaque amet minus temporibus.	Eos sed sit.	Voluptates aut dolorum molestiae nam et sapiente veritatis quisquam ut. Perspiciatis soluta eligendi neque. Neque est quae nihil maiores.\n \rUt et amet impedit eaque ratione voluptas earum. Non officia doloremque a minus omnis dignissimos temporibus voluptatum sunt. Voluptatem ipsam delectus odio nam eos eligendi est ea voluptatem. Sed praesentium in id impedit qui ut. Aliquid explicabo quo incidunt.\n \rQuia consequatur maxime enim. Est accusantium rerum perferendis maiores. Dolores repellat qui. Eius beatae error architecto. Nobis perspiciatis occaecati. Dolorem eius asperiores ducimus repellendus omnis quas dolores.	9	10	2023-03-07 04:49:58	42.4104	41.6348	f	956	t	PUBLISHED	2023-03-06 20:49:58.028753	\N
8	Explicabo commodi doloribus omnis blanditiis tempora excepturi sit sunt. Voluptatem quas velit natus facere. Rerum aperiam ut. Earum facilis provident ut quod. Corrupti et earum. Atque facilis officia eum et minima consectetur.	Molestiae sed magni.	Quo vel incidunt placeat doloribus dolore placeat ut iure ex. Iure eum accusamus eaque officia deleniti distinctio repellat ea est. Unde et ullam magnam. Voluptatem tenetur veniam ad. Facilis perferendis in architecto cupiditate deleniti aut. Quis sint praesentium.\n \rEx cumque repudiandae vitae at ea cumque molestiae. Minima minus iste facilis saepe. Qui unde vel perspiciatis possimus vero. Nisi quo sint omnis adipisci libero voluptatibus aut ab tenetur.\n \rDeleniti quia dolor porro magnam facere voluptate. Sed voluptas voluptatem ut vitae eveniet corporis. Quia in atque. Nihil rerum aspernatur. Sed amet aperiam.	17	15	2023-03-07 04:49:59	-9.9606	15.9916	f	924	f	PENDING	2023-03-06 20:49:59.49597	\N
9	Dolore necessitatibus nam et recusandae illum pariatur et quasi. Aperiam odio explicabo omnis nesciunt dolores culpa ut qui ducimus. Explicabo consectetur quam molestias. Quae vero voluptas.	Eligendi autem minus enim repellendus qui doloribus quia in.	Id cupiditate corporis quo enim quae error. Ipsa totam tempora quibusdam aliquid eum est quia. Officiis animi ipsam officia dolorem veritatis iure consequatur. Ad consequatur quam temporibus eum architecto enim et. Aperiam nulla perspiciatis consequuntur et.\n \rTempore et optio illo sed rerum quisquam dolorem consequatur. Quo ut sed et natus. Qui voluptas omnis facere quis deserunt non et nostrum. Repudiandae aliquid architecto sed maiores laboriosam. Consequatur non repellendus voluptatem doloremque quisquam. Est ipsa laudantium dolores culpa provident ut unde cum dolores.\n \rEa aut voluptatem. Aut corporis officiis commodi eligendi officia blanditiis aliquam. Culpa quidem quos rerum facere id asperiores.	18	16	2023-03-07 04:49:59	-17.5091	87.2502	t	222	f	PUBLISHED	2023-03-06 20:49:59.760714	\N
10	Blanditiis doloribus explicabo dicta. Veniam amet consequuntur dolor vel error ipsum dolor sed. Amet non aperiam id et et.	Et voluptates non illo corrupti culpa sit optio consequatur explicabo.	In dignissimos magnam. Adipisci officiis autem sed dolores fugiat. Iure veniam omnis sint odit explicabo.\n \rQuia qui et voluptates omnis qui. Qui natus porro dolor est autem doloremque nihil. Vitae ut non. Veniam quam doloribus. Laboriosam facilis magnam distinctio numquam. Ut rem vel iure.\n \rPraesentium quos quae incidunt provident enim corporis harum fugiat nostrum. Repellendus quo consequatur. Nobis soluta magni quia perspiciatis.	19	17	2023-03-07 04:50:00	1.1481	4.5245	t	723	t	REJECTED	2023-03-06 20:50:00.058244	\N
11	Totam voluptate distinctio nobis delectus totam distinctio itaque illum. Dignissimos qui quae veniam consequatur occaecati asperiores eos numquam doloremque. Veniam nihil nihil et accusantium ea adipisci beatae aut aut. Itaque quia possimus et amet vel nisi nisi. Occaecati natus deleniti delectus minima molestiae.	Mollitia cupiditate earum et.	Ipsa consequatur sed dolorem ipsam iusto in. Aut odio animi dolorum enim dolore. Ad et enim delectus voluptas consectetur est fugiat.\n \rDeserunt voluptas saepe voluptas culpa consectetur amet. Ducimus amet at quo libero fugit. Repellat aliquid fugit et. Praesentium debitis quaerat sed mollitia modi non et.\n \rAd quas non quas cumque id quisquam architecto vel dolores. Eligendi et eum asperiores quis ut adipisci corporis ad rerum. Voluptatem provident veniam iure et sed. Unde dolores doloremque. Provident ut eos exercitationem perspiciatis eos aut.	20	18	2023-03-07 04:50:00	15.2688	-0.7555	f	621	f	PUBLISHED	2023-03-06 20:50:00.3309	\N
12	Et quia quis esse velit odio id. Omnis blanditiis consequuntur harum omnis voluptas quas iste ut. Qui adipisci quae non et. Optio modi cum sapiente totam. Accusamus est laborum et praesentium et voluptatem aliquid.	Iure sapiente a esse est repellendus.	Est omnis repellat sed reiciendis. Minus ut autem quia sapiente sit ut at aperiam. Ut quia qui iusto. Non fugiat ullam sit molestiae ratione.\n \rDeleniti sequi et consequuntur voluptatem quisquam qui perferendis commodi eveniet. Eligendi nihil quasi ut. Modi beatae et nemo. Sed omnis corporis non dignissimos odit pariatur. Consequuntur quaerat omnis eaque voluptatum quo saepe accusantium perferendis vero.\n \rNon nihil cum. Et dicta et est sit qui. Quidem est qui aut. Rem modi qui ducimus quam expedita quis. Aliquid possimus qui tempore reiciendis saepe rerum. Alias eveniet facere modi molestiae asperiores dolorem.	21	19	2023-03-07 04:50:00	20.4428	148.0792	t	354	f	PUBLISHED	2023-03-06 20:50:00.59734	\N
13	Dolores ullam animi ab corporis expedita accusamus placeat. Delectus magnam illum libero. Qui et voluptatem expedita nulla necessitatibus incidunt aut quasi qui.	Sunt corrupti aspernatur.	Quis iure non accusantium facere. Occaecati id amet quibusdam maxime saepe labore enim sint. Corrupti aut id sed. Doloribus at quis itaque distinctio sit quam. Voluptas ut odio corrupti aliquam suscipit quae.\n \rLabore minima eveniet ducimus reprehenderit necessitatibus est. Quaerat id quaerat quo officiis et fugit ut minus voluptatem. Sunt iste eum odit ab sint libero explicabo. Quibusdam accusantium earum qui earum qui et tenetur recusandae. Inventore mollitia molestiae labore laboriosam. Est et possimus voluptatum quo omnis necessitatibus necessitatibus.\n \rRepudiandae in in quis adipisci accusantium omnis non sit. Voluptatem magnam quia laboriosam ad consequatur. Eum distinctio quisquam mollitia delectus ad incidunt blanditiis eaque. Dolorum quam exercitationem incidunt vel sit non quis quae.	22	21	2023-03-07 04:50:00	-62.6805	-113.5163	f	776	f	PUBLISHED	2023-03-06 20:50:00.927679	\N
14	Officia voluptas ut et officiis ipsam tenetur ea ea nihil. Placeat et ipsam placeat necessitatibus libero et. Provident molestias ex inventore facere nisi et sunt.	Necessitatibus quidem harum totam.	Et id veniam. Natus quibusdam aut. Accusantium quis veritatis modi et. In quo voluptatem deleniti quaerat repudiandae reiciendis. Numquam iure iusto est praesentium sed quo aut ea. Aut qui excepturi ea laboriosam eius quia eveniet suscipit consequatur.\n \rAssumenda minima rerum atque quia similique ipsa quidem. Molestiae quae dolores doloremque ex quod et sunt nemo. Eligendi laborum debitis quia.\n \rEarum quisquam et aperiam. Est eos culpa ducimus consectetur est. Officia cum sit iste.	23	22	2023-03-07 04:50:01	-73.8578	179.8001	f	793	f	PENDING	2023-03-06 20:50:01.191251	\N
15	Necessitatibus quod est quo est. Non non quo consectetur fugit sint dignissimos eaque provident. Odit cupiditate et illo et nulla perferendis.	Neque illo consequatur expedita ad.	Pariatur animi in quos sit voluptas minima accusantium. Neque dolore velit repudiandae est. Aut laborum saepe qui explicabo ad odio.\n \rFacilis et quisquam aut doloremque et provident et quia velit. Reprehenderit sed qui a voluptatem architecto. Ipsa aperiam totam quod quod aut. Dolor molestias modi ex.\n \rSed at vel nulla voluptas sed. Eaque dignissimos qui. Omnis quod qui et quis possimus ipsa. Quasi culpa quia dignissimos aliquam repellendus et nobis. Et optio illo quibusdam eaque id illo voluptates.	24	24	2023-03-07 04:50:01	-42.8669	90.2726	f	1	f	PUBLISHED	2023-03-06 20:50:01.463783	\N
16	Magni labore nesciunt officiis et suscipit voluptas exercitationem vel. Laborum quam necessitatibus sed voluptate voluptates dolor et. Praesentium laborum quia suscipit.	Autem possimus dolor voluptatem neque dolorum impedit.	Sequi fugiat voluptatem nam ut inventore ut. Voluptatibus reiciendis laboriosam quae ab a animi corporis similique. Quia dolorem quasi.\n \rSunt quod aliquid repellat quaerat eum ut aut consequatur. Qui nulla ipsa nesciunt perspiciatis esse dolore assumenda voluptates. Dolore voluptates esse et est. Ex assumenda aut. Et quo et nostrum ad quia nobis et rem.\n \rEst et id. Unde veniam voluptates minus et doloremque maxime sapiente necessitatibus harum. Unde quia vel amet aperiam aperiam cupiditate. Et animi ut et. Maiores velit sint earum iure aut ad ullam aut. Nam dolores officiis ad rerum reiciendis corporis sit minima deserunt.	26	28	2023-03-07 04:50:02	27.7008	-160.8308	f	27	t	PENDING	2023-03-06 20:50:02.044895	\N
17	Magnam ipsa mollitia ullam. Aut perspiciatis labore sit facilis nemo ut qui eius. Atque ea officiis aut deleniti reiciendis vero sit reiciendis. Adipisci ut corrupti. Eligendi non aliquam dolorem quia veniam id corporis.	Accusantium tenetur quidem possimus totam.	Fuga unde deleniti recusandae non aut cupiditate aliquid. Magni accusamus explicabo voluptatem. Dolor ipsum cupiditate non quas quibusdam dolorem officiis explicabo eos. Ut dolor voluptatem est voluptatibus asperiores iure labore impedit.\n \rSed quibusdam ad eveniet id nemo ut. Deleniti enim sit est quia tempore eligendi quo. Distinctio maxime cumque.\n \rAut autem beatae voluptas distinctio est beatae iusto molestiae. Numquam dolor magnam iste est. Et perferendis architecto a excepturi inventore ipsa voluptatem. Omnis sint asperiores ut enim. Quae consequatur corporis mollitia qui sint quo.	27	29	2023-03-07 04:50:02	-51.2836	84.6099	f	577	t	PUBLISHED	2023-03-06 20:50:02.297129	\N
18	Molestiae iste qui quis et aspernatur voluptas cum. Repellendus eligendi neque consequatur consequatur. Minima ratione sed quam.	Ullam nisi non tenetur.	Ut nihil aut et. Repellendus temporibus laborum placeat quis qui ducimus voluptas voluptate. Dolores omnis qui provident et doloremque in.\n \rInventore ex maiores sit cumque porro dolor illo. Quis pariatur aliquam animi exercitationem. Nam est consectetur similique consequatur dolor officia voluptate. Voluptatibus repellat aut numquam. Et assumenda provident consequuntur adipisci eligendi blanditiis.\n \rQuis nisi at accusamus. Maxime ad officia error ut sit consectetur ad. Quod earum quae quidem.	28	30	2023-03-07 04:50:02	-29.5343	-136.4573	f	1	t	PUBLISHED	2023-03-06 20:50:02.552651	\N
19	Omnis sunt cupiditate aut earum. Quia magnam provident voluptas error qui eligendi. Ea aperiam aliquam numquam aperiam officia ipsa minima possimus vitae. Nihil vel sit qui aut.	Consequatur omnis delectus inventore fugiat dolor.	Alias aliquid ex temporibus aut consequatur aliquam minima voluptatum aliquid. Ullam rerum nisi et voluptate recusandae. Qui consectetur ex ducimus sunt. Aperiam qui quidem qui ullam sit.\n \rAperiam dolorem voluptatem. Repellat sapiente vel omnis error corrupti aut est. At reiciendis non impedit sequi hic quia debitis maiores at. Quisquam consequatur facere.\n \rEum molestiae occaecati iure qui ut. Debitis inventore sed voluptatem quas fugit est voluptatem temporibus aliquid. Quasi nam voluptatem. Alias laborum sit nihil. Enim earum adipisci qui est perspiciatis qui harum quod hic. Voluptates modi doloribus libero numquam voluptates non ut quia sunt.	29	33	2023-03-07 04:50:02	-57.6482	-112.4041	t	1	t	PUBLISHED	2023-03-06 20:50:02.930578	\N
20	Consequuntur quibusdam ut sit quaerat maxime ut voluptatem sit. Autem ut accusantium similique nemo unde voluptas dolor laborum. Quam dolor incidunt eum quos occaecati enim laboriosam maxime ut.	Id et id dolor enim aut nulla provident.	Nemo et nemo repudiandae ab incidunt. Dolore esse perspiciatis libero nobis inventore maxime dolorum vel. Nisi odit ut. Aut sit molestiae. Autem minus et a qui autem neque id corrupti. Voluptas sed totam omnis soluta dolorem cumque voluptatem.\n \rTempora reprehenderit ut omnis incidunt similique amet possimus eaque. Aliquid aut aperiam ex quis laborum facilis nobis. Blanditiis excepturi in.\n \rNisi ullam in. Excepturi iusto rerum error. Aliquam cupiditate vitae vitae culpa deserunt dolore.	35	38	2023-03-07 04:50:04	9.8877	107.3917	f	668	t	PENDING	2023-03-06 20:50:04.857029	\N
21	Maxime nam commodi adipisci omnis dolorum rem. Modi minus quae similique dolor. Nostrum consequatur necessitatibus magnam voluptatem porro sunt rerum. Saepe et dolor autem fuga. Ea qui architecto inventore ea quo possimus repudiandae dolores sit. Cum modi nemo perspiciatis sapiente enim.	Quam necessitatibus vel sit.	Est officia alias. Rerum repellat nulla non illo dolores. Cumque sed qui omnis in repudiandae odit eum. Pariatur ut veniam et eveniet est consectetur voluptatem unde fuga. Sit ipsam facere aspernatur quis laboriosam. Beatae ad est non ipsam qui.\n \rVelit culpa odio unde corrupti doloremque non consequatur. Tempora quas ea. Dolorem consequatur voluptate et ex vel numquam. Atque non dolor sit modi qui distinctio minus ea.\n \rSuscipit maxime assumenda tempore sunt sint cumque accusantium. Temporibus ut non amet ad placeat. Non sint molestiae numquam culpa.	36	39	2023-03-07 04:50:05	-1.0973	7.1367	f	74	t	PUBLISHED	2023-03-06 20:50:05.092914	\N
22	Quis explicabo nostrum ipsum impedit fuga expedita. Sit aut et. Nostrum dolores illo eum. Et quo deserunt maiores sequi corrupti perferendis velit voluptatem asperiores. Enim necessitatibus velit quasi eaque debitis temporibus. Nesciunt rem laborum eum minus unde quibusdam optio nam reprehenderit.	Quidem officia qui consequatur est.	Explicabo qui nihil ut nesciunt incidunt tempora explicabo aut. Velit dolores non aliquid est. Aspernatur possimus impedit exercitationem officia in est vel. Facere consequatur non quos corrupti earum assumenda. Et officiis placeat quam. Et assumenda perspiciatis rerum et sapiente.\n \rFacere nesciunt autem a ullam sint illo rerum a. Qui possimus ea magni quidem sed non sed doloribus est. Explicabo nesciunt dolores. Occaecati possimus corrupti qui adipisci reprehenderit id autem. Impedit aut est at eos voluptas quis rerum sed. Omnis eligendi provident dolorem optio assumenda explicabo impedit necessitatibus at.\n \rNulla impedit excepturi reprehenderit quos corrupti recusandae fugit omnis quos. Omnis nihil qui dolor impedit expedita. Minima sint libero excepturi.	37	41	2023-03-07 04:50:05	-57.6265	-164.263	t	250	f	PUBLISHED	2023-03-06 20:50:05.418906	\N
23	Sunt adipisci ut ipsam accusamus earum quos error aut sit. Ut voluptatem debitis. Consequatur eum quibusdam dolorem nesciunt quia dignissimos quaerat et. Voluptatem ipsum aspernatur dolorum tempora ipsa sint placeat voluptatem est.	Totam ea sed provident consequatur facere non sed ea illum.	Rerum magnam debitis laborum ut et non repudiandae est est. Deleniti cumque earum id incidunt consequatur velit similique et. Ipsa quia et sunt perspiciatis incidunt. Harum repudiandae aut qui quis. Blanditiis corrupti commodi illo non quia quasi id est.\n \rIllo neque esse sit alias. Ut nam quia sunt magnam et nisi. Dignissimos dicta dicta voluptate quae natus modi sit. Dolores dolorem nisi est occaecati odio aliquid tenetur consequatur.\n \rEst aut fugit. Consequuntur repellendus suscipit ullam fuga. Sed quae expedita deserunt sapiente architecto quod sequi possimus. Vitae dolorem molestias ut delectus voluptas quam ut. Omnis soluta id odio voluptatem. Tempora quam voluptatibus quia ut rerum eaque velit repellendus blanditiis.	38	42	2023-03-07 04:50:05	-46.2005	-101.5322	f	335	t	PENDING	2023-03-06 20:50:05.697152	\N
24	Sequi fuga ipsam. Minima distinctio unde aut dolorem sit sint adipisci nesciunt. Excepturi provident non eum repellat aliquam quaerat blanditiis et. Autem aliquid quia et sunt.	Non voluptatibus id.	Recusandae modi consequatur ipsam ullam pariatur necessitatibus ad in. Quae inventore vero cumque. Molestiae natus unde fugiat quis omnis impedit.\n \rA quis magnam rerum dolore soluta soluta. Aut cupiditate pariatur porro. Atque facilis occaecati distinctio asperiores.\n \rQui consequatur recusandae. Consectetur iusto vitae dolor velit nostrum nemo dolor. A excepturi corrupti.	39	43	2023-03-07 04:50:05	40.6622	146.6354	f	621	f	PUBLISHED	2023-03-06 20:50:05.979408	\N
25	Voluptates ratione dignissimos alias at eos distinctio consequatur. Perspiciatis vero atque. Quod rerum consectetur.	Rerum qui odit sint ea sequi.	Quis perferendis ut officia a repellendus ratione occaecati. Ratione minima similique veniam nesciunt est rerum. Odit minima molestiae ratione. Est architecto qui cumque laborum iusto ab.\n \rAlias rerum praesentium odit exercitationem et excepturi animi. Fuga necessitatibus nobis deserunt. Cum numquam inventore aperiam eligendi est quasi. Ab mollitia distinctio dolorem id doloremque.\n \rNobis consequatur laborum commodi in esse molestiae eos culpa quisquam. Distinctio culpa commodi necessitatibus cum in repudiandae. Occaecati assumenda laudantium explicabo.	40	44	2023-03-07 04:50:06	53.3984	-127.9764	f	437	f	PUBLISHED	2023-03-06 20:50:06.265163	\N
26	Assumenda quibusdam quia non sunt eum cumque quae. Inventore placeat quo eos ea ullam corrupti. Est nobis fugit eligendi.	Blanditiis possimus in quos occaecati molestiae exercitationem voluptas.	Omnis sapiente quis voluptatem nostrum reprehenderit. Libero autem est aut incidunt tenetur ipsum. Qui quaerat inventore praesentium atque dolor ut sapiente dolorem. Ut dolorum mollitia deleniti hic distinctio deserunt. Et recusandae atque. Nostrum quia ipsa repellendus impedit fugiat sapiente sint.\n \rInventore labore quis ut quo adipisci. Eos esse dignissimos velit. Nam in occaecati aut.\n \rCumque dolores facere voluptatem illo nesciunt sed esse nam. Eos earum dolorem aut voluptatibus illum odio natus nihil. Non pariatur unde facilis voluptate qui pariatur qui voluptatem omnis. At quam doloribus perspiciatis beatae voluptatum earum consectetur officiis. Maxime et sunt delectus sapiente. Porro voluptates blanditiis voluptatum debitis et eum.	41	45	2023-03-07 04:50:06	19.8271	-58.8108	t	196	f	PENDING	2023-03-06 20:50:06.577784	\N
27	Iure ad rerum rerum quaerat nihil est. Consequatur qui et eaque in. Reprehenderit commodi ut aut quaerat ut. Alias voluptatem autem at porro. In quibusdam sint rem recusandae voluptas voluptas nostrum praesentium. Et voluptas suscipit.	At eos atque.	Repellendus ullam ut cumque inventore animi nulla quas sed. Eius laboriosam corrupti. Sint harum voluptatem iure odio rem. Dolores incidunt provident nostrum. Dolorem unde earum omnis architecto deleniti voluptas laborum doloremque adipisci.\n \rSit molestiae nemo natus quas voluptatem eveniet est sequi quia. Autem rem autem illo eius cumque dignissimos id. Suscipit et consequatur soluta sequi.\n \rConsequatur suscipit excepturi eaque qui. Et soluta aspernatur. Consectetur necessitatibus expedita sapiente sit eius. Quos rerum aut soluta eos id mollitia distinctio doloribus. Magnam odio ipsa rerum commodi quidem quia enim et fuga.	42	46	2023-03-07 04:50:06	-26.7481	174.4267	t	668	t	PUBLISHED	2023-03-06 20:50:06.83059	\N
28	Illum atque omnis magnam dolor nihil eaque est. Quo a minima aut eos. Occaecati repudiandae quia dicta velit cupiditate.	Qui adipisci minima.	Porro est eveniet et tempora ex occaecati et voluptatem velit. Sed voluptatum facilis natus. Omnis pariatur reiciendis dolores vitae. Neque voluptatibus corporis iure provident facilis cupiditate similique temporibus aliquid. Voluptatem vero molestias facilis.\n \rEst ducimus ut iste ut dolor. In atque eum aperiam ut quae aut. Vero ut et. Est quia enim qui ipsam expedita. Non similique odio consectetur quam nihil consequatur commodi. Vel veritatis quisquam est nihil quod quisquam.\n \rDolor error distinctio qui iusto. Autem consequuntur et doloremque expedita consequuntur labore culpa. Et aliquid unde cupiditate.	43	48	2023-03-07 04:50:07	-60.7838	-55.1597	f	348	t	PUBLISHED	2023-03-06 20:50:07.161745	\N
29	Incidunt deserunt molestiae. Est animi cum eos similique inventore. Magnam est hic.	Atque voluptas voluptatibus atque ullam facilis.	Et quaerat dolor explicabo sed in. Hic veniam voluptatem fugit et et harum. Voluptate voluptatem enim et non nemo. Voluptatum voluptatem distinctio sint ut qui.\n \rEt quidem voluptatem possimus expedita velit voluptates. Id dignissimos ducimus aut nihil sed aut. Excepturi et aut qui et qui sunt dolore quia.\n \rIste est nemo porro numquam. Repudiandae libero eos repellat suscipit. Consequatur ipsa maiores. Mollitia occaecati aut consectetur eaque et nemo soluta in. Non facilis sit tempora reiciendis libero nemo reprehenderit quod. Ab vitae tempore.	44	50	2023-03-07 04:50:07	-49.3534	-38.2313	t	67	f	PUBLISHED	2023-03-06 20:50:07.493474	\N
30	Aut consequatur ipsa tempore perspiciatis aspernatur. Doloribus quibusdam nobis sunt similique. Dolores voluptates sit. Aut ex ut voluptas. Ratione sunt veniam dolorem voluptatem facere facere debitis architecto nihil.	Necessitatibus qui quaerat consequatur quo accusantium et sed necessitatibus laborum.	Eos ut magnam occaecati numquam omnis reprehenderit. Rerum odit architecto molestias alias quisquam suscipit voluptatum laudantium. Qui magni magni autem accusantium. Officia fugiat non architecto.\n \rPraesentium porro magnam et atque ea aut sunt aliquid numquam. Qui molestiae quia dignissimos. Accusamus officia ipsam consequatur quam. Quisquam provident et animi vel quaerat ratione odio unde. Omnis provident delectus fugit et dolor laborum eaque ullam.\n \rVoluptatem voluptatibus nisi est nostrum. Commodi omnis eum officiis totam excepturi ad enim accusantium. Reprehenderit quia inventore quia.	45	51	2023-03-07 04:50:07	27.6233	124.6646	t	472	f	CANCELED	2023-03-06 20:50:07.738826	\N
31	Sit recusandae necessitatibus expedita consequuntur eum nisi odio nam voluptatem. Enim rem quia vel unde eos voluptatem dolorum aut. Minima quia ut expedita quam nostrum laudantium autem. Vero excepturi quis.	Illo omnis quia incidunt sed occaecati asperiores.	Est tempora aliquam optio optio est quibusdam non. Aspernatur voluptatum cupiditate dolores esse vitae natus. Unde eligendi quia impedit quisquam et rerum ipsa.\n \rOptio iure dolorem. Ipsam rerum dolorem tenetur commodi iure magnam eum. Quisquam et ea architecto ea et fugiat nihil. Ut autem sed saepe.\n \rNam aut libero et est voluptatibus nihil qui saepe. Est et corporis molestiae omnis aliquam necessitatibus. Nemo magnam omnis ut corrupti consequuntur dignissimos omnis commodi tenetur. Aut voluptatem ut earum similique.	46	52	2023-03-07 04:50:08	-71.3858	84.133	t	627	t	PUBLISHED	2023-03-06 20:50:08.021371	\N
32	Magni similique non sit. Eos consectetur ea. Ut recusandae et dolores. Ex ut ea tenetur nihil unde. Hic ea nostrum ullam blanditiis laudantium eaque provident debitis.	Et qui sed dolores.	Molestiae alias labore autem magni sed iste. Quia molestias omnis esse velit excepturi fugit veniam. Mollitia atque est facilis esse consequatur enim architecto. Repellat dolores aut et et nulla. Beatae commodi dolor dolores. Voluptas quam pariatur officiis aliquam deserunt deleniti molestiae velit enim.\n \rEnim molestias expedita accusantium possimus quae dolorem enim incidunt. Quidem sunt repudiandae velit at voluptatem labore ab. Voluptatem maxime et aut. Quasi earum porro non. Aut non provident aliquid quis.\n \rNatus odio voluptas nobis consequatur. Corrupti ullam minus dolor. Sed incidunt culpa sed rerum. Maiores dolore a delectus quas accusamus. Ut eligendi autem corrupti facere.	47	54	2023-03-07 04:50:08	66.7147	-25.8771	t	288	t	PUBLISHED	2023-03-06 20:50:08.33982	\N
33	Ad dolore et necessitatibus dolor est. Autem sint exercitationem eum laboriosam error dicta aut. Eum voluptas dolores recusandae et nesciunt temporibus eveniet aut at. Cupiditate commodi dolor veritatis praesentium. Voluptates aspernatur quia dolore id eum ratione.	Molestias officia reprehenderit dolorum cumque sit dolores inventore quia nesciunt.	Perspiciatis consequuntur inventore distinctio molestiae asperiores ab corrupti quasi laudantium. Sunt fugit velit quod non ut facilis aliquam. Rerum eum repellendus quaerat sit quia. Consequatur soluta aspernatur nobis iure voluptatibus. Repudiandae consequuntur quam deleniti soluta quidem nihil facere temporibus.\n \rDistinctio ea at ad. Qui qui sapiente est odio est reiciendis. Eius quia quia. Ratione laborum facere.\n \rIure sed delectus. Voluptas modi eum. Ad officia labore praesentium. Voluptatem ipsam consequatur impedit laborum unde sint sed iste fugiat.	48	56	2023-03-07 04:50:08	-75.9878	-41.3809	f	177	t	PENDING	2023-03-06 20:50:08.631484	\N
34	Veritatis nisi qui quis iste fugiat ducimus eum. Ut est neque autem voluptatibus culpa nihil aut ipsa qui. Tempora aliquid quas et ratione nulla dolorem. Maiores odit ducimus. Odit a magni odio temporibus aut eligendi officiis architecto. Non voluptatibus nobis earum dolor et dolorem.	Veniam eos ut natus repudiandae doloribus molestiae.	Vitae iusto optio. Ut cumque autem earum eius ipsum voluptate et minus perspiciatis. Rerum quis et recusandae. Aut excepturi eum aspernatur asperiores iure tempore.\n \rQuas temporibus molestiae sapiente id. Nostrum quibusdam adipisci odio quia commodi quia. Earum est ut ducimus distinctio qui in eveniet accusamus. Aut impedit quia. Aut excepturi perspiciatis natus. Quo aut aspernatur.\n \rMolestiae facere labore omnis consectetur earum accusamus qui architecto. Ut sed neque voluptatum modi. Ex ex et natus soluta. Iure accusamus dolores eos unde tempora reprehenderit autem voluptatem. Commodi eaque aliquid.	52	60	2023-03-07 04:50:09	81.5237	28.7067	t	453	f	PUBLISHED	2023-03-06 20:50:09.599105	\N
\.


--
-- Data for Name: events_compilation; Type: TABLE DATA; Schema: public; Owner: postgres
--

COPY public.events_compilation (event_id, compilation_id) FROM stdin;
33	2
34	6
\.


--
-- Data for Name: requests; Type: TABLE DATA; Schema: public; Owner: postgres
--

COPY public.requests (id, requester_id, event_id, status, created) FROM stdin;
1	11	6	REJECTED	2023-03-06 20:49:58.124288
2	20	12	CONFIRMED	2023-03-06 20:50:00.662271
3	25	15	CONFIRMED	2023-03-06 20:50:01.55784
5	32	18	PENDING	2023-03-06 20:50:02.652286
4	31	18	CONFIRMED	2023-03-06 20:50:02.63431
6	34	19	CONFIRMED	2023-03-06 20:50:02.995326
7	40	21	PENDING	2023-03-06 20:50:05.190303
8	47	27	PENDING	2023-03-06 20:50:06.911625
9	49	28	PENDING	2023-03-06 20:50:07.227402
10	53	31	PENDING	2023-03-06 20:50:08.09027
11	55	32	CONFIRMED	2023-03-06 20:50:08.402321
\.


--
-- Data for Name: users; Type: TABLE DATA; Schema: public; Owner: postgres
--

COPY public.users (id, username, email, hash_pwd) FROM stdin;
1	Veronica Jakubowski	Moriah14@gmail.com	64c5b0092996f223e0a5cc95cd73b022c32b876b723c3504517eea29644490ba
2	Dr. Hubert Windler	Rhoda13@hotmail.com	0a23203d55c97f47f4dd9245d13600a3f754a5d004b536f4c6a5cc7f94406126
3	John Okuneva	Rasheed.Mitchell@hotmail.com	19f3958c4c62985ac3f405f8f80f23d61c59c0c8338ec7a1df66395cc51d1649
4	Fannie Lind	Odell_Sawayn@yahoo.com	2932ec725bc62f3c19976cd01f9bfcd3febf779d424e3b4b3763def65ac2e97a
5	Sophie Braun	Yazmin49@gmail.com	32be8cc10c04c3fcf3e51fa1b96bf984074eb728ca7d9080694b531aaa121c77
6	Gretchen Connelly	Keaton.Turner@gmail.com	30a09f02fb591782939f72b1eabd122a0b7b230cfca5d3919bd06f7bd37ba8d4
7	Wilbur Hegmann	Earnest.Lubowitz@gmail.com	6256c1bf62373a4fdfc6fbfdabd952e1a50f49cc67a2cd80601c96e74d6b58f5
8	Allison Koch PhD	Troy_Veum@gmail.com	c241da0de157fc16a81c701fb3c2ca1c00e536552a1b376686f63f1a459c7be4
9	Steve Ratke	Russel_Brown@gmail.com	4014f2f1fe00cda3151886592fb1b67c1f0f8003a5358bd36b671867c319eb5d
10	Kathryn Carroll	Sharon88@yahoo.com	9c4d7a7012355c3fbf40554d1d0d48c0810fdc56f290af6124cfe83d91d92e6f
11	Sarah Keeling	Ciara_Crist54@hotmail.com	ca6eddbeb4671b71f318ac29107d7af501f8ea3b92b4d4d54380c231ad0dfef2
12	Marie Haley	Janiya_Roberts@gmail.com	909c17745347cef6ba13e14cf4b259fba5c46d1b9191c6d8221d0b1bbcf1e462
14	Dr. Simon Hermann	Marquis57@hotmail.com	3a7e760fc44ca2b8e53359b4478a2654e99df598e1448ff2226baabe1db25690
15	Jackie Willms	Kayli69@hotmail.com	5bb220408d9ca204aa0063da5d2b732849274079dfe33557e719bd354861d04d
16	Clayton Osinski	Elza27@hotmail.com	e27ce6fec28daeb6b44abbba5740da23c169b28f88c45b54f1fa45d9f4858e9e
17	Josefina Reichel	Josiane_Nikolaus@hotmail.com	d7e1ecb7b7a64b1250d62fa735c74050a6e6e8b865f3215911d5f851e53520d2
18	Angelo Hickle Sr.	Elisabeth_Yundt91@gmail.com	564bfe84e9f0c0e73e3f03ce836822449d7096ca3dd926619438d56f582402ca
19	Margie Heller	Carlos73@hotmail.com	b911b996a213ab91771fb243b6a75b8c46d3f08b53aa5db07e7b0705cf3db908
20	Rita Gottlieb	Emil.Johnston@hotmail.com	f0f2e8a0a4b46de49956bb24ecd45e1e28fca3096e81b7f2449a75bb559f5256
21	Evelyn Sauer	Abby89@gmail.com	6d0fb5c4e5947332efd6a5264344d757932613525cbc283765b3f39e215532b2
22	Alfredo Halvorson	Alisha.Koch@hotmail.com	7675c0af6f10a2d73471b8aac729e4e81e7b199101a63822141b626cc49806b0
23	Christian Stoltenberg	Mohamed79@gmail.com	9d98b8f8d9cd07ac96c68fb245db1de61041a20f7fadceb6bbca5f8fe99684f6
24	Samuel Bayer	Maya57@hotmail.com	658ea1b25210602b48a7a53c38863cd34e46742f64e74a9c1420ef0fd5de6115
25	Mrs. Amelia Rau	Hal_Donnelly7@hotmail.com	b7dc33dcb2dfff346ca8f01a3bc7411fb1f374d4d73163b88768e4032d64071e
26	Ms. Preston Harber	Mortimer.Tillman49@yahoo.com	3f86c9b950e55caaf674a508cf841878a433a52aeb6a3a9841bbf5edbd58a00d
27	Christina Green	Maeve.Roob4@yahoo.com	6746731bd63c8407b136b604f398528138a9e4f5bbf7818ecdd2ef96c1fdfb3b
28	Beverly McGlynn	Remington.Stark21@yahoo.com	ea8a6869bf4efb5c2bdb0e900e8c2d94d752266de12882bd0abccc18caeb958e
29	Doug Lang	Lonny_Kshlerin14@gmail.com	3b271cb93e70205b0ee1d68c6be762857a2765a324a3511705aabd832c1feb4b
30	Beulah Harris	Isobel54@hotmail.com	3ee514c29f6382fc4fb11ed8f451e8aacb9c9a6ed068047071be43c4769ef7a4
31	Emily Ruecker	Madge49@hotmail.com	1b0112e6d37bea37bc32247f4f46f805b47750807cb7908c6803cfd14522698f
32	Kristy Satterfield	Heath.Grady@gmail.com	dee91bb9a1f6cb3ea3f4c4d8a183b77dce71b025f74d532c0b8c79e6058d7bbc
33	Laurie Herzog	Albert.Goyette9@hotmail.com	f9032442bfcbb8b0c2b8aca48e1648b9427880d0e73a2b1e1971b25e5cd00dc0
34	Frances Keeling	Ole.Brakus98@yahoo.com	1beb8ac2ea3e1fef459063f3c990b6b9bee97d337b88e8fe165dda239bd33135
35	Victor Torp	Nikita_Runolfsdottir@gmail.com	448f3d7fb41a36c3c21ac87b00c2ad63e94bc31a7eba1ab79cad2796c8472eb6
36	Mrs. Jo Howell	Adeline72@gmail.com	feb292081085748f8c9ce3065f8850416479740c3aff1e6e361f1eeed44db0f6
38	Marjorie Leffler	Katherine_Collier@hotmail.com	1afc62bbd973ed75c2c71b6c0d2ae6a3ee898fdf113164a1b9fc106a6b4d1a03
39	Nicolas Kovacek	Doris_Legros@gmail.com	2daf6f54e690fa472ea782deab4be15959c49b264c39f713c8c1d2863a8b5e5d
40	Delbert Wisoky Sr.	Antonio_Prohaska93@yahoo.com	74fed375efac230d743e4dfd5279d1c48d0b32af5b1c873414d0a3d8732c2cb7
41	Mamie Orn	Obie41@hotmail.com	3893449d15b4d700ef6f9f60532e84ba336c75094ff89f0f2ce95859e610a67b
42	Pedro Koepp	Trystan.Moen83@gmail.com	c63644d618243c50c65bb8c30d1bdddceec047ff86c4ad63f04239b3ad5eef83
43	Darrell Brown	Pearlie76@yahoo.com	2fbe7a4ed2ca744dd3febff355ca4fb197e4e33c507047f46d48538dd325f1a3
44	Duane Kirlin	Kiarra.Spinka46@yahoo.com	12aa09b80db3e0c4b289d07c6aedf22f165f6e4347da178f299e6bc06b087dbb
45	Ms. Gordon Leuschke	Lauriane_Rippin83@gmail.com	c33aa521734dd23de7af906f9186f975dacd6bce8d98f2be31e2c57600048cff
46	Rosemarie Johns	Eleanore_Carroll@gmail.com	e94d2732a42603fe0ac441c58d777d761ae0aece18b44277b829d3bdb917e8d1
47	Virginia Borer	Morgan_Breitenberg@yahoo.com	16a4eb9256a4abee8e18ef17726b4de6fb7c623493dcfc41a4a9ac6e18b48f71
48	Eleanor Anderson	Jacquelyn_Braun24@gmail.com	e73095be49c5760f700f8ae2c83051ce729755040bce77c059e6eb7969f4f667
49	Larry Hagenes	Greyson_Braun@gmail.com	8c2de42401dd1710a7c1c5a5162fbf98e2be9e7cfa4b4a9fd5c0b0d1dcc9242b
50	Billy Lindgren	Mozell98@gmail.com	bf85c7b817e66c06c260147278a459869844a345668bdb247a59fb45ecde6414
51	Lucia Spencer	Broderick_Purdy58@hotmail.com	051ca5e432c2b9707cf5a11389f6f22e00c674aff7bc2d5f61194997596bbc28
52	Inez Skiles	Abigayle_Stamm85@hotmail.com	02cfb0b9045641a42aa9906b50028a463b2ab7ab9b0784d195766df2e3ab8437
53	Adrian Erdman	Johann82@hotmail.com	3aa098a162917e90005ef1349dbaccd916612778ce155dd431445ea6ee085e60
54	Miriam Jacobs	Dock56@hotmail.com	3c09e62c57ce430821fac15f50f385f1e29d97c1eae570853c20c8ae02f30971
55	Donald Turner	Buck_Schamberger@yahoo.com	5e61962860855da8076adc2fa2c2abccc5e1cbbaff91e0275574ccbdcf15b15e
56	Rhonda Waters DVM	Judson31@yahoo.com	a7b9f916ffa8c68921dd7f19adc1fe4af46bdcfb922781a997d8b21ec5202b40
57	Vickie Stark	Rocky19@hotmail.com	ba69c3bda90f50844c90165d8945dc70031df4f370c2e4e45ffee25f1d6994e0
58	Angel Larson	Francesca45@gmail.com	53072d8c76cb65220a78302fd278fee6ac614e05654d20f89ac4a496c01143e9
59	Mrs. Mindy Runolfsdottir	Lelah_Runolfsdottir@yahoo.com	f592094b555dbcc21f1ff62af251c3d850b83d8278d153635dd7cb07b74bdec9
60	Nathaniel Cremin	Elenora.Crooks31@yahoo.com	52f3da0ae66a8431f43c0deede253f0919bfb9839725d9a98c9de9f42cc1eacd
61	alex	atimofeev1508@gmail.com	\N
\.


--
-- Name: categories_id_seq; Type: SEQUENCE SET; Schema: public; Owner: postgres
--

SELECT pg_catalog.setval('public.categories_id_seq', 52, true);


--
-- Name: compilations_id_seq; Type: SEQUENCE SET; Schema: public; Owner: postgres
--

SELECT pg_catalog.setval('public.compilations_id_seq', 6, true);


--
-- Name: events_id_seq; Type: SEQUENCE SET; Schema: public; Owner: postgres
--

SELECT pg_catalog.setval('public.events_id_seq', 34, true);


--
-- Name: requests_id_seq; Type: SEQUENCE SET; Schema: public; Owner: postgres
--

SELECT pg_catalog.setval('public.requests_id_seq', 11, true);


--
-- Name: users_id_seq; Type: SEQUENCE SET; Schema: public; Owner: postgres
--

SELECT pg_catalog.setval('public.users_id_seq', 61, true);


--
-- Name: categories categories_name_key; Type: CONSTRAINT; Schema: public; Owner: postgres
--

ALTER TABLE ONLY public.categories
    ADD CONSTRAINT categories_name_key UNIQUE (name);


--
-- Name: categories categories_pkey; Type: CONSTRAINT; Schema: public; Owner: postgres
--

ALTER TABLE ONLY public.categories
    ADD CONSTRAINT categories_pkey PRIMARY KEY (id);


--
-- Name: compilations compilations_pkey; Type: CONSTRAINT; Schema: public; Owner: postgres
--

ALTER TABLE ONLY public.compilations
    ADD CONSTRAINT compilations_pkey PRIMARY KEY (id);


--
-- Name: compilations compilations_title_key; Type: CONSTRAINT; Schema: public; Owner: postgres
--

ALTER TABLE ONLY public.compilations
    ADD CONSTRAINT compilations_title_key UNIQUE (title);


--
-- Name: databasechangeloglock databasechangeloglock_pkey; Type: CONSTRAINT; Schema: public; Owner: postgres
--

ALTER TABLE ONLY public.databasechangeloglock
    ADD CONSTRAINT databasechangeloglock_pkey PRIMARY KEY (id);


--
-- Name: events_compilation events_compilation_pkey; Type: CONSTRAINT; Schema: public; Owner: postgres
--

ALTER TABLE ONLY public.events_compilation
    ADD CONSTRAINT events_compilation_pkey PRIMARY KEY (event_id, compilation_id);


--
-- Name: events events_pkey; Type: CONSTRAINT; Schema: public; Owner: postgres
--

ALTER TABLE ONLY public.events
    ADD CONSTRAINT events_pkey PRIMARY KEY (id);


--
-- Name: requests requests_pkey; Type: CONSTRAINT; Schema: public; Owner: postgres
--

ALTER TABLE ONLY public.requests
    ADD CONSTRAINT requests_pkey PRIMARY KEY (id);


--
-- Name: requests requests_requester_id_event_id_key; Type: CONSTRAINT; Schema: public; Owner: postgres
--

ALTER TABLE ONLY public.requests
    ADD CONSTRAINT requests_requester_id_event_id_key UNIQUE (requester_id, event_id);


--
-- Name: users users_email_key; Type: CONSTRAINT; Schema: public; Owner: postgres
--

ALTER TABLE ONLY public.users
    ADD CONSTRAINT users_email_key UNIQUE (email);


--
-- Name: users users_pkey; Type: CONSTRAINT; Schema: public; Owner: postgres
--

ALTER TABLE ONLY public.users
    ADD CONSTRAINT users_pkey PRIMARY KEY (id);


--
-- Name: events_compilation fk_compilation_event; Type: FK CONSTRAINT; Schema: public; Owner: postgres
--

ALTER TABLE ONLY public.events_compilation
    ADD CONSTRAINT fk_compilation_event FOREIGN KEY (compilation_id) REFERENCES public.compilations(id);


--
-- Name: events_compilation fk_event_compilation; Type: FK CONSTRAINT; Schema: public; Owner: postgres
--

ALTER TABLE ONLY public.events_compilation
    ADD CONSTRAINT fk_event_compilation FOREIGN KEY (event_id) REFERENCES public.events(id);


--
-- Name: events fk_events_category; Type: FK CONSTRAINT; Schema: public; Owner: postgres
--

ALTER TABLE ONLY public.events
    ADD CONSTRAINT fk_events_category FOREIGN KEY (category_id) REFERENCES public.categories(id);


--
-- Name: events fk_events_initiator; Type: FK CONSTRAINT; Schema: public; Owner: postgres
--

ALTER TABLE ONLY public.events
    ADD CONSTRAINT fk_events_initiator FOREIGN KEY (initiator_id) REFERENCES public.users(id);


--
-- Name: requests fk_request_event; Type: FK CONSTRAINT; Schema: public; Owner: postgres
--

ALTER TABLE ONLY public.requests
    ADD CONSTRAINT fk_request_event FOREIGN KEY (event_id) REFERENCES public.events(id);


--
-- Name: requests fk_requests_user; Type: FK CONSTRAINT; Schema: public; Owner: postgres
--

ALTER TABLE ONLY public.requests
    ADD CONSTRAINT fk_requests_user FOREIGN KEY (requester_id) REFERENCES public.users(id);


--
-- PostgreSQL database dump complete
--

